{"cameraMode":{"drawMode":0,"name":"Shaded","section":"Shading Mode"},"sceneLighting":true,"audioPlay":false,"sceneViewState":{"m_AlwaysRefresh":false,"showFog":true,"showSkybox":true,"showFlares":true,"showImageEffects":true,"showParticleSystems":true,"showVisualEffectGraphs":true,"m_FxEnabled":true},"in2DMode":false,"pivot":{"x":-2.414259910583496,"y":13.533720016479493,"z":290.6511535644531},"rotation":{"x":0.1410718858242035,"y":0.06973371654748917,"z":-0.009961863979697228,"w":0.9874976873397827},"size":18.865610122680665,"orthographic":true}