{"cameraMode":{"drawMode":0,"name":"Shaded","section":"Shading Mode"},"sceneLighting":true,"audioPlay":false,"sceneViewState":{"m_AlwaysRefresh":false,"showFog":true,"showSkybox":true,"showFlares":true,"showImageEffects":true,"showParticleSystems":true,"showVisualEffectGraphs":true,"m_FxEnabled":true},"in2DMode":false,"pivot":{"x":10.018959045410157,"y":161.89247131347657,"z":-30.07802963256836},"rotation":{"x":0.2597825527191162,"y":0.42906591296195986,"z":-0.13033069670200349,"w":0.8552380204200745},"size":279.04425048828127,"orthographic":true}