{"cameraMode":{"drawMode":0,"name":"Shaded","section":"Shading Mode"},"sceneLighting":false,"audioPlay":false,"sceneViewState":{"m_AlwaysRefresh":false,"showFog":true,"showSkybox":false,"showFlares":true,"showImageEffects":true,"showParticleSystems":true,"showVisualEffectGraphs":true,"m_FxEnabled":true},"in2DMode":false,"pivot":{"x":-1.7999999523162842,"y":2.369999885559082,"z":-4.663899898529053},"rotation":{"x":0.04946264252066612,"y":0.026362653821706773,"z":-0.00130599329713732,"w":0.9984288215637207},"size":5.212088108062744,"orthographic":true}