{"cameraMode":{"drawMode":0,"name":"Shaded","section":"Shading Mode"},"sceneLighting":false,"audioPlay":false,"sceneViewState":{"m_AlwaysRefresh":false,"showFog":true,"showSkybox":false,"showFlares":true,"showImageEffects":true,"showParticleSystems":true,"showVisualEffectGraphs":true,"m_FxEnabled":true},"in2DMode":false,"pivot":{"x":2.0733864307403566,"y":1.9608869552612305,"z":1502.6611328125},"rotation":{"x":0.019621673971414567,"y":0.8035072088241577,"z":-0.026525381952524186,"w":0.5943810343742371},"size":1.1056673526763917,"orthographic":true}