{"cameraMode":{"drawMode":0,"name":"Shaded","section":"Shading Mode"},"sceneLighting":false,"audioPlay":false,"sceneViewState":{"m_AlwaysRefresh":false,"showFog":true,"showSkybox":false,"showFlares":true,"showImageEffects":true,"showParticleSystems":true,"showVisualEffectGraphs":true,"m_FxEnabled":true},"in2DMode":false,"pivot":{"x":0.03338623046875,"y":0.7508870363235474,"z":144.86114501953126},"rotation":{"x":0.019621673971414567,"y":0.8035072088241577,"z":-0.026525381952524186,"w":0.5943810343742371},"size":2.975248336791992,"orthographic":true}