{"cameraMode":{"drawMode":0,"name":"Shaded","section":"Shading Mode"},"sceneLighting":false,"audioPlay":false,"sceneViewState":{"m_AlwaysRefresh":false,"showFog":true,"showSkybox":false,"showFlares":true,"showImageEffects":true,"showParticleSystems":true,"showVisualEffectGraphs":true,"m_FxEnabled":true},"in2DMode":false,"pivot":{"x":1.0533864498138428,"y":0.9608869552612305,"z":902.6611328125},"rotation":{"x":0.019621673971414567,"y":0.8035072088241577,"z":-0.026525381952524186,"w":0.5943810343742371},"size":1.9992250204086304,"orthographic":true}